{"cameraMode":{"drawMode":0,"name":"Shaded","section":"Shading Mode"},"sceneLighting":true,"audioPlay":false,"sceneViewState":{"showFog":true,"showMaterialUpdate":false,"showSkybox":true,"showFlares":true,"showImageEffects":true,"showParticleSystems":true},"in2DMode":false,"pivot":{"x":5.430973052978516,"y":-12.66425895690918,"z":20.926284790039064},"rotation":{"x":0.1907276064157486,"y":0.030916033312678338,"z":-0.006009930279105902,"w":0.9811372756958008},"size":38.45313262939453,"orthographic":false}