{"cameraMode":{"drawMode":0,"name":"Shaded","section":"Shading Mode"},"sceneLighting":true,"audioPlay":false,"sceneViewState":{"showFog":true,"showMaterialUpdate":false,"showSkybox":true,"showFlares":true,"showImageEffects":true,"showParticleSystems":true},"in2DMode":false,"pivot":{"x":-16.53316879272461,"y":8.479022979736329,"z":93.33781433105469},"rotation":{"x":0.05844531208276749,"y":0.026950683444738389,"z":-0.001578453229740262,"w":0.9979240298271179},"size":92.21207427978516,"orthographic":false}