{"cameraMode":{"drawMode":0,"name":"Shaded","section":"Shading Mode"},"sceneLighting":true,"audioPlay":false,"sceneViewState":{"showFog":true,"showMaterialUpdate":false,"showSkybox":true,"showFlares":true,"showImageEffects":true,"showParticleSystems":true},"in2DMode":false,"pivot":{"x":-4.83698844909668,"y":9.059806823730469,"z":6.6322221755981449},"rotation":{"x":-0.01555381529033184,"y":0.5273649096488953,"z":-0.0096587548032403,"w":-0.8494483232498169},"size":17.61451530456543,"orthographic":false}